,,Data used to calcualted saturation state,,,,,,,,,,,,,,,,,,,,,,,,,,
Site,Depth,Temperature,Pressure,Na (M),K (M),Mg (M),Ca (M),Br (uM),Cl (M),F (uM),BrOH4,SO4 (M),pH,Ac (M),Sr (microM),Ca/Cl,Mg/Cl,Sr/Cl,Mg/Ca,KD Lammers and Mitnick (2019),MgCO3 Lammers (mol%),Total alkalinity (M),Carbonate Alkalinity (M),OmegaCalcite,OmegaAragonite,aCO3,aCa,aMg
1003,1.45,15.537,48.653,0.497,0.011,0.056,0.011,0,0.58,0,0,0.03,7.7,0.002,97,0.02,0.096,167,4.93,0.002281044,1.112048915,0.002,0.002,1.176533222,0.8359918,2.18E-06,0.002238507,0.012000666
1003,2.95,15.571,48.804,0.494,0.011,0.055,0.011,0,0.577,0,0,0.03,7.69,0.003,94,0.019,0.096,163,5.11,0.002276891,1.15010981,0.003,0.003,1.736182451,1.233717561,3.20E-06,0.002245067,0.011816469
1003,4.45,15.605,48.956,0.498,0.011,0.055,0.011,0,0.578,0,0,0.031,7.71,0.003,94,0.019,0.096,163,5.09,0.00228622,1.150300238,0.003,0.003,1.805362225,1.283033133,3.34E-06,0.002236148,0.011779951
1003,5.95,15.64,49.107,0.495,0.011,0.056,0.011,0,0.578,0,0,0.029,7.65,0.003,96,0.018,0.096,166,5.26,0.002282962,1.186589188,0.003,0.003,1.589350939,1.12957716,2.94E-06,0.002240111,0.012001541
1003,8.45,15.697,49.359,0.491,0.011,0.055,0.011,0,0.577,0,0,0.03,7.61,0.003,98,0.019,0.096,170,5.15,0.002303807,1.17254885,0.003,0.003,1.464003444,1.040629506,2.69E-06,0.002251233,0.011850889
1003,9.95,15.731,49.511,0.489,0.011,0.056,0.011,0,0.576,0,0,0.029,7.74,0.003,98,0.019,0.097,170,5.08,0.002316692,1.163190069,0.003,0.003,1.951161742,1.386979461,3.59E-06,0.00224802,0.012049642
1003,11.45,15.765,49.662,0.496,0.011,0.055,0.011,0,0.575,0,0,0.031,7.67,0.003,99,0.019,0.096,172,5.09,0.002324082,1.169127419,0.003,0.003,1.661196113,1.18100214,3.08E-06,0.002233723,0.011767221
1003,15.03,15.847,50.023,0.489,0.011,0.056,0.011,0,0.574,0,0,0.03,7.67,0.002,121,0.019,0.097,211,5.1,0.002342958,1.180799098,0.002,0.002,1.115810871,0.793412149,2.06E-06,0.00224193,0.012024374
1003,23.95,16.05,50.923,0.491,0.011,0.056,0.012,0,0.575,0,0,0.03,7.69,0.003,404,0.02,0.097,703,4.79,0.002415198,1.143649351,0.003,0.003,1.908139706,1.357421041,3.25E-06,0.002434057,0.011974602
1003,28.81,16.161,51.413,0.487,0.011,0.055,0.011,0,0.575,0,0,0.029,7.69,0.003,119,0.02,0.095,207,4.86,0.002437389,1.170703013,0.003,0.003,1.778028488,1.265153289,3.27E-06,0.002255113,0.011880793
1003,42.9,16.482,52.835,0.492,0.011,0.055,0.011,0,0.582,0,0,0.029,7.69,0.003,239,0.018,0.095,411,5.18,0.002492349,1.274581342,0.003,0.003,1.792843342,1.276613474,3.29E-06,0.0022568,0.01191006
1003,52.4,16.699,53.794,0.501,0.012,0.056,0.011,0,0.595,0,0,0.028,7.84,0.005,270,0.019,0.094,454,5,0.002562112,1.264852306,0.005,0.005,4.150975704,2.957204104,7.63E-06,0.0022544,0.012122939
1003,61.5,16.906,54.712,0.522,0.012,0.056,0.01,0,0.62,0,0,0.026,7.84,0.005,409,0.016,0.091,660,5.68,0.002557979,1.43212416,0.005,0.005,3.809688091,2.715296745,7.64E-06,0.002064182,0.012230801
1003,71.4,17.132,55.711,0.568,0.013,0.056,0.01,0,0.655,0,0,0.023,7.81,0.018,789,0.015,0.085,1205,5.8,0.002604753,1.488272667,0.018,0.018,12.66973877,9.034966469,2.58E-05,0.002037597,0.012068993
1003,74.9,17.212,56.064,0.564,0.014,0.054,0.01,0,0.666,0,0,0.022,7.89,0.018,851,0.014,0.081,1278,5.7,0.002633582,1.478940906,0.018,0.018,15.35678387,10.95310211,3.07E-05,0.002074495,0.01185758
1003,87.7,17.504,57.356,0.585,0.013,0.051,0.01,0,0.708,0,0,0.019,7.87,0.006,1004,0.015,0.073,1418,4.98,0.00277706,1.364110683,0.025,0.006,5.104566574,3.6431005,9.85E-06,0.002145692,0.011645266
1003,94.8,17.665,58.072,0.61,0.014,0.052,0.011,0,0.721,0,0,0.018,7.95,0.008,999,0.015,0.073,1386,4.85,0.002834512,1.356095645,0.026,0.008,8.707749367,6.217129231,1.56E-05,0.002316259,0.011667241
1003,107.5,17.955,59.354,0.616,0.014,0.05,0.012,0,0.743,0,0,0.017,7.89,0.011,999,0.016,0.068,1345,4.33,0.002974385,1.271532629,0.028,0.011,11.7555151,8.398179054,1.89E-05,0.002569118,0.011423118
1003,118.5,18.206,60.465,0.639,0.016,0.05,0.012,0,0.774,0,0,0.017,7.79,0.009,1027,0.016,0.064,1327,4.07,0.003081145,1.238495058,0.026,0.009,7.823710918,5.59251976,1.25E-05,0.002585314,0.011542981
1003,125.05,18.355,61.126,0.641,0.015,0.049,0.012,0,0.778,0,0,0.017,7.8,0.011,1234,0.016,0.063,1586,4.02,0.003133495,1.243994976,0.028,0.011,9.855805397,7.047339439,1.57E-05,0.002596622,0.01136938
1003,145.75,18.827,63.215,0.702,0.016,0.048,0.012,0,0.789,0,0,0.016,7.79,0.011,1136,0.016,0.061,1440,3.87,0.003304225,1.262589739,0.027,0.011,9.351780891,6.693873882,1.55E-05,0.002490284,0.010703169
1003,153.95,19.014,64.043,0.661,0.016,0.048,0.013,0,0.804,0,0,0.016,7.85,0.012,1284,0.016,0.059,1597,3.72,0.003388251,1.244740219,0.028,0.012,13.1716795,9.432268143,1.93E-05,0.002820414,0.011214241
1003,160.55,19.165,64.709,0.652,0.016,0.047,0.013,0,0.794,0,0,0.016,6.67,0.012,1152,0.016,0.06,1451,3.76,0.003432701,1.274248966,0.028,0.012,0.950110912,0.680593312,1.38E-06,0.002841133,0.011029073
1003,181.45,19.641,66.82,0.675,0.016,0.048,0.014,0,0.816,0,0,0.015,6.65,0.015,1187,0.017,0.059,1455,3.48,0.003644612,1.252439908,0.03,0.015,1.226451516,0.879487336,1.67E-06,0.003039762,0.011223838
1003,192.65,19.896,67.95,0.681,0.016,0.048,0.014,0,0.82,0,0,0.016,7.71,0.013,1194,0.017,0.059,1456,3.44,0.003744034,1.271570682,0.029,0.013,11.52438927,8.268918037,1.58E-05,0.003014502,0.011178011
1003,195.45,19.96,68.233,0.676,0.016,0.048,0.015,0,0.821,0,0,0.016,6.52,0.014,1182,0.018,0.059,1440,3.3,0.003794431,1.236676895,0.03,0.014,0.917007923,0.658033192,1.16E-06,0.003254092,0.011247953
1003,199.35,20.049,68.627,0.686,0.016,0.048,0.014,0,0.828,0,0,0.016,7.82,0.012,1136,0.017,0.059,1372,3.39,0.003809922,1.275094875,0.028,0.012,13.54135609,9.718883514,0.000018538,0.003019204,0.011217331
1003,207.55,20.236,69.455,0.684,0.017,0.049,0.014,0,0.828,0,0,0.017,7.84,0.011,1094,0.017,0.059,1321,3.39,0.003879732,1.298155569,0.028,0.011,12.95846844,9.304636002,1.78E-05,0.003010303,0.011431317
1003,218.65,20.489,70.576,0.677,0.016,0.049,0.015,0,0.823,0,0,0.016,7.74,0.01,1098,0.018,0.06,1334,3.34,0.003986271,1.313920623,0.026,0.01,10.29278564,7.394593239,1.32E-05,0.003227709,0.011439135
1003,283.15,21.96,77.091,0.666,0.016,0.053,0.018,0,0.815,0,0,0.023,7.8,0.018,742,0.022,0.065,910,2.9,0.004707745,1.346858016,0.018,0.018,25.2503376,18.19851112,0.000027703,0.003755802,0.012112591
1003,294.25,22.213,78.212,0.703,0.016,0.053,0.02,0,0.854,0,0,0.022,6.7,0.02,796,0.024,0.062,932,2.57,0.004929155,1.250945935,0.02,0.02,2.699789524,1.946855068,0.000002649,0.004197408,0.012207086
1003,321.55,22.835,80.97,0.713,0.018,0.054,0.022,0,0.867,0,0,0.023,7.79,0.021,834,0.026,0.062,962,2.39,0.005299031,1.250629529,0.021,0.021,35.17075729,25.39720535,3.19E-05,0.004534243,0.012303126
1003,332.75,23.091,82.102,0.716,0.017,0.055,0.022,0,0.855,0,0,0.024,6.69,0.019,799,0.026,0.064,935,2.45,0.005405181,1.306961732,0.019,0.019,2.751282454,1.987739325,2.51E-06,0.004500907,0.012415892
1003,359.63,23.704,84.818,0.73,0.018,0.055,0.023,0,0.883,0,0,0.023,7.71,0.018,854,0.026,0.062,967,2.35,0.005770337,1.33788703,0.018,0.018,26.96856308,19.50964928,2.35E-05,0.004712327,0.012521191
1003,455.15,25.881,94.473,0.757,0.017,0.056,0.032,0,0.907,0,0,0.028,7.75,0.014,749,0.035,0.061,826,1.76,0.007460986,1.296113891,0.014,0.014,31.90408897,23.18806648,2.06E-05,0.006322476,0.01249927
1003,465.95,26.128,95.565,0.809,0.018,0.056,0.035,0,0.952,0,0,0.028,7.69,0.014,742,0.037,0.058,779,1.59,0.007778833,1.221723688,0.014,0.014,30.41046524,22.11354637,1.81E-05,0.00685158,0.012478324
1003,503.85,26.992,99.397,0.627,0.014,0.049,0.025,0,0.744,0,0,0.025,7.09,0.007,383,0.034,0.066,515,1.96,0.008068947,1.556891147,0.007,0.007,3.165999413,2.30637002,2.59E-06,0.004969711,0.010747123
1003,910.14,36.255,140.523,0.844,0.019,0.044,0.03,0,1.023,0,0,0.009,7.72,0.004,1384,0.03,0.043,1353,1.46,0.018148532,2.581289598,0.013,0.004,10.86616802,8.066370964,6.74E-06,0.006234743,0.010548103
1004,1.45,16.2533,42.349,0.49,0.01,0.056,0.011,0,0.56,0,0,0.03,7.59,0.003,100,0.02,0.1,179,5,0.002449496,1.209929525,0.003,0.003,1.417392016,1.007660985,2.60E-06,0.002208514,0.011823838
1004,4.45,16.3553,42.652,0.496,0.011,0.057,0.011,0,0.571,0,0,0.03,7.67,0.003,101,0.02,0.099,177,4.96,0.00247811,1.214218148,0.003,0.003,1.690761089,1.202257156,3.10E-06,0.00220864,0.012050048
1004,6.7,16.4318,42.879,0.499,0.011,0.056,0.012,0,0.575,0,0,0.03,7.8,0.003,96,0.02,0.098,167,4.84,0.002507106,1.198891676,0.003,0.003,2.455947638,1.746651292,4.12E-06,0.002409911,0.011848831
1004,12.7,16.6358,43.484,0.496,0.01,0.056,0.011,0,0.575,0,0,0.03,7.74,0.003,101,0.019,0.098,176,5.03,0.002543412,1.263175959,0.003,0.003,2.001879215,1.424316049,3.64E-06,0.002223315,0.011931023
1004,16.2,16.7548,43.837,0.492,0.01,0.056,0.011,0,0.575,0,0,0.029,7.66,0.003,102,0.019,0.098,177,5.05,0.002572214,1.282311173,0.003,0.003,1.695987463,1.20697844,3.07E-06,0.002233578,0.011985621
1004,19.2,16.8568,44.139,0.506,0.01,0.056,0.011,0,0.574,0,0,0.03,7.57,0.002,101,0.019,0.097,176,5.21,0.00258479,1.328781041,0.002,0.002,0.914312303,0.650821865,1.68E-06,0.002199599,0.011813456
1004,22.2,16.9588,44.442,0.498,0.011,0.055,0.011,0,0.562,0,0,0.029,7.62,0.002,103,0.019,0.098,183,5.17,0.002614528,1.333683362,0.002,0.002,1.027737379,0.73171258,1.89E-06,0.002198274,0.011575655
1004,30.2,17.2308,45.249,0.498,0.01,0.056,0.011,0,0.575,0,0,0.029,7.64,0.002,115,0.019,0.097,200,5.08,0.002693972,1.350061468,0.002,0.002,1.089405537,0.776068211,1.98E-06,0.002218252,0.011920751
1004,42.7,17.6558,46.51,0.498,0.011,0.056,0.012,0,0.571,0,0,0.029,7.52,0.003,138,0.02,0.098,242,4.88,0.002828871,1.361690988,0.003,0.003,1.372975111,0.978933632,2.31E-06,0.002398831,0.011820196
1004,50.7,17.9278,47.317,0.504,0.011,0.055,0.012,0,0.579,0,0,0.025,7.57,0.014,262,0.021,0.094,453,4.47,0.002950382,1.301654181,0.014,0.014,7.275287151,5.190119267,1.21E-05,0.002413255,0.011639552
1004,60.2,18.2508,48.275,0.53,0.012,0.051,0.009,0,0.615,0,0,0.013,7.67,0.024,734,0.015,0.083,1193,5.66,0.002912216,1.621585537,0.037,0.024,12.27519417,8.763148308,2.63E-05,0.001876767,0.011131867
1004,74.2,18.7268,49.687,0.577,0.012,0.045,0.006,0,0.662,0,0,0.003,7.96,0.062,1070,0.01,0.069,1616,7.09,0.002894834,2.011159515,0.065,0.062,40.43518448,28.89406967,0.000128702,0.001260596,0.009883974
1004,83.7,19.0498,50.646,0.599,0.013,0.043,0.006,0,0.585,0,0,0.002,7.24,0.068,1190,0.01,0.074,2034,7.17,0.002970719,2.08558251,0.07,0.068,8.69798851,6.219306946,2.93E-05,0.001190588,0.008751465
1004,92.72,19.35648,51.556,0.605,0.013,0.043,0.007,0,0.68,0,0,0.001,7.24,0.072,1365,0.01,0.063,2007,6.43,0.003133341,1.974948132,0.073,0.072,11.55461884,8.267335892,3.08E-05,0.001499511,0.009538574
1004,113.42,20.06028,53.644,0.628,0.014,0.041,0.007,0,0.711,0,0,0.003,8.09,0.066,1442,0.01,0.057,2028,5.91,0.003402433,1.971200466,0.069,0.066,66.68133545,47.77828217,0.000184227,0.001443868,0.008974222
1004,130.35,20.6359,55.353,0.64,0.014,0.039,0.006,0,0.728,0,0,0.002,7.98,0.063,1567,0.008,0.053,2152,6.36,0.003512667,2.185236507,0.065,0.063,45.15515137,32.39218903,0.000141914,0.001265854,0.008731931
1004,149.79,21.29686,57.315,0.642,0.015,0.039,0.006,0,0.734,0,0,0.002,6.78,0.063,1647,0.008,0.053,2244,6.39,0.003709976,2.315775011,0.065,0.063,3.289438725,2.362920761,9.88E-06,0.001320155,0.008988028
1004,185.55,22.5127,60.924,0.652,0.015,0.038,0.006,0,0.759,0,0,0,7.92,0.068,2530,0.008,0.05,3333,5.89,0.004194577,2.411038826,0.068,0.068,45.68415451,32.89606857,0.00014048,0.001281371,0.008682563
1005,1.45,16.998,35.472,0.511,0.011,0.057,0.011,0,0.583,0,0,0.03,7.73,0.002,95,0.019,0.098,163,5.18,0.002623817,1.340912482,0.002,0.002,1.314104676,0.93469286,2.37E-06,0.002195178,0.011996278
1005,3.9,17.129,35.719,0.499,0.01,0.057,0.011,0,0.58,0,0,0.03,7.65,0.003,102,0.019,0.098,176,5.18,0.002657982,1.358135635,0.003,0.003,1.679331541,1.194754362,2.99E-06,0.002215401,0.012105764
1005,6.9,17.29,36.022,0.503,0.01,0.056,0.011,0,0.581,0,0,0.03,7.69,0.003,122,0.019,0.097,210,5.09,0.002708795,1.360024727,0.003,0.003,1.841100097,1.310301065,3.28E-06,0.002214337,0.011891875
1005,9.9,17.451,36.324,0.503,0.01,0.057,0.011,0,0.586,0,0,0.029,7.72,0.003,100,0.019,0.097,171,5.18,0.002743326,1.401132155,0.003,0.003,1.978725672,1.408689976,3.52E-06,0.002218816,0.012133976
1005,13.4,17.638,36.677,0.51,0.011,0.057,0.012,0,0.583,0,0,0.03,7.64,0.003,139,0.02,0.098,238,4.75,0.002837325,1.329807273,0.003,0.003,1.795042992,1.278375983,2.96E-06,0.002385313,0.011965226
1005,23.4,18.174,37.685,0.495,0.01,0.056,0.011,0,0.58,0,0,0.03,7.67,0.003,380,0.02,0.096,655,5.09,0.002951911,1.480281114,0.003,0.003,1.822801709,1.299517393,0.000003216,0.002223822,0.01196747
1005,32.9,18.683,38.643,0.503,0.01,0.056,0.011,0,0.58,0,0,0.031,7.6,0.003,633,0.019,0.097,1091,5.09,0.00309869,1.552743069,0.003,0.003,1.56896162,1.119647026,2.79E-06,0.002201712,0.011865659
1005,42.4,19.193,39.601,0.502,0.011,0.056,0.012,0,0.586,0,0,0.028,7.72,0.006,809,0.02,0.096,1381,4.67,0.003307561,1.521134974,0.006,0.006,4.545926571,3.247145653,7.36E-06,0.002408557,0.011896654
1005,50.4,19.621,40.408,0.534,0.011,0.056,0.011,0,0.607,0,0,0.021,7.9,0,910,0.018,0.092,1499,5.09,0.003382277,1.692442286,0.018,0,-0.00215823,-0.001542944,-3.80E-09,0.002204909,0.011873075
1005,57.9,20.023,41.164,0.546,0.012,0.053,0.009,0,0.65,0,0,0.011,8,0.022,1023,0.013,0.082,1574,5.89,0.003393966,1.959867528,0.033,0.022,24.2305336,17.33564758,5.01E-05,0.001873951,0.011643938
1005,66.52,20.023,42.033,0.572,0.012,0.05,0.008,0,0.679,0,0,0.006,8.05,0.036,1286,0.012,0.074,1894,6.25,0.003345848,2.048321629,0.042,0.036,39.34659576,28.15317154,0.000091009,0.001678511,0.011071592
1005,68.85,20.023,42.268,0.579,0.012,0.049,0.008,0,0.69,0,0,0.003,7.95,0.043,1231,0.012,0.071,1784,6.13,0.003361654,2.019086623,0.046,0.043,38.53362274,27.57221603,8.83E-05,0.001695458,0.01092772
1005,94.05,20.023,44.81,0.654,0.014,0.05,0.009,0,0.758,0,0,0.001,7.89,0.047,1006,0.011,0.066,1327,5.56,0.00344,1.876744848,0.048,0.047,40.4391098,28.94405937,8.39E-05,0.001884166,0.011056239
1005,122.25,20.023,47.655,0.668,0.014,0.059,0.006,0,0.796,0,0,0.011,6.75,0.028,932,0.008,0.074,1171,9.83,0.002958595,2.826107665,0.039,0.028,1.257516146,0.900352538,3.86E-06,0.00128095,0.013396855
1005,150.15,22.524,50.469,0.645,0.014,0.047,0.009,0,0.76,0,0,0.005,6.72,0.049,1097,0.012,0.062,1443,5.22,0.004338713,2.214650645,0.054,0.049,3.428318739,2.465729237,6.79E-06,0.001940265,0.010743268
1005,162.45,23.135,51.71,0.652,0.015,0.041,0.006,0,0.759,0,0,0.002,6.84,0.053,2710,0.008,0.054,3570,6.83,0.004219908,2.801454042,0.055,0.053,3.387387991,2.439174175,9.84E-06,0.001317052,0.009522173
1005,178.05,23.908,53.284,0.645,0.014,0.041,0.006,0,0.742,0,0,0.003,8.07,0.057,2908,0.008,0.055,3919,6.83,0.004476708,2.966876357,0.06,0.057,53.39357376,38.50365829,0.000163848,0.00123911,0.009133332
1005,253.65,27.658,60.914,0.664,0.015,0.034,0.006,0,0.756,0,0,0,6.83,0.064,3767,0.008,0.045,4983,5.67,0.006250335,3.42264351,0.064,0.064,4.5593009,3.310805798,1.29E-05,0.001300452,0.007907564
1005,263.05,28.124,61.863,0.669,0.015,0.033,0.008,0,0.772,0,0,0,6.71,0.062,3948,0.011,0.042,5114,4.13,0.00720559,2.889907682,0.062,0.062,4.562017918,3.315539122,9.58E-06,0.001745493,0.007753931
1005,281.65,29.047,63.74,0.664,0.015,0.035,0.01,0,0.771,0,0,0.002,7.93,0.055,4098,0.013,0.045,5315,3.5,0.008136452,2.768906337,0.057,0.055,73.88026428,53.78335571,0.00013013,0.002062201,0.007916411
1005,289.45,29.434,64.528,0.677,0.015,0.034,0.007,0,0.79,0,0,0.001,8.08,0.054,4253,0.009,0.043,5384,4.86,0.007459997,3.498710611,0.055,0.054,70.12609863,51.08670044,0.000175599,0.001445059,0.007754079
1005,298.95,29.905,65.487,0.688,0.016,0.035,0.009,0,0.793,0,0,0.001,7.89,0.052,3064,0.012,0.044,3864,3.89,0.008346742,3.1447755,0.053,0.052,59.3038559,43.23871231,0.000114827,0.001859992,0.007948287
1005,315.45,30.723,67.153,0.678,0.015,0.038,0.01,0,0.795,0,0,0.003,6.58,0.048,1308,0.013,0.048,1645,3.8,0.00890252,3.272258535,0.051,0.048,3.46380806,2.529267788,0.000005781,0.002139978,0.0088535
1005,353.25,32.598,70.97,0.693,0.015,0.043,0.014,0,0.831,0,0,0.005,6.7,0.035,631,0.017,0.052,759,3.07,0.010912515,3.241545761,0.04,0.035,4.805096149,3.520359039,5.71E-06,0.002946649,0.00992984
1005,388,34.322,74.479,0.685,0.016,0.048,0.015,0,0.827,0,0,0.012,7,0.011,643,0.019,0.058,778,3.2,0.012005458,3.699616571,0.023,0.011,3.281264782,2.411368847,3.65E-06,0.003084363,0.010857953
1005,425.48,36.181,78.266,0.695,0.016,0.054,0.019,0,0.826,0,0,0.022,7.79,0.01,626,0.023,0.066,758,2.84,0.014112823,3.853588364,0.01,0.01,20.62328911,15.20508003,1.88E-05,0.003676836,0.011655887
1005,460.7,37.928,81.824,0.716,0.017,0.059,0.024,0,0.85,0,0,0.029,7.05,0.013,592,0.029,0.07,696,2.46,0.016610268,3.925716175,0.013,0.013,6.838272095,5.056703091,5.01E-06,0.0044893,0.012453933
1005,490.02,39.382,84.787,0.749,0.017,0.059,0.027,0,0.878,0,0,0.03,7.13,0.009,708,0.03,0.068,806,2.19,0.018975389,3.989809202,0.009,0.009,6.478207588,4.802391529,4.21E-06,0.004969249,0.012316615
1005,526.72,41.202,88.496,0.751,0.016,0.061,0.03,0,0.891,0,0,0.033,6.8,0.014,797,0.033,0.068,895,2.03,0.021713262,4.221708157,0.014,0.014,5.511232853,4.098032475,3.19E-06,0.005444021,0.012682667
1005,564.86,43.094,92.351,0.758,0.015,0.053,0.031,0,0.925,0,0,0.024,7,0.01,0,0.033,0.057,0,1.71,0.025961205,4.250663614,0.01,0.01,7.021056652,5.237428188,3.67E-06,0.005874259,0.011459077
1005,601,44.887,96.005,0.777,0.015,0.052,0.034,0,0.929,0,0,0.024,7.03,0.008,0,0.036,0.056,0,1.53,0.030006753,4.38950932,0.008,0.008,6.721347332,5.028748035,3.19E-06,0.006285952,0.010986108
1005,637.02,46.673,99.647,0.782,0.017,0.052,0.034,0,0.944,0,0,0.026,6.91,0.008,0,0.036,0.055,0,1.53,0.032827963,4.782470212,0.008,0.008,5.363676548,4.024585724,2.49E-06,0.006272427,0.011014822
1005,683.39,48.973,104.337,0.799,0.016,0.046,0.032,0,0.962,0,0,0.017,7.12,0,0,0.034,0.048,0,1.44,0.03771321,5.15096852,0.01,0,-0.00336398,-0.002533441,-1.60E-09,0.006072462,0.009884916
1006,2.95,8.368,66.617,0.481,0.011,0.054,0.009,0,0.563,0,0,0.027,7.66,0.004,154,0.017,0.095,274,6,0.001008016,0.601173537,0.004,0.004,1.3920542,0.978582084,3.39E-06,0.001894192,0.01174673
1006,5.93,8.48,66.918,0.482,0.011,0.054,0.01,0,0.564,0,0,0.028,7.57,0.003,138,0.017,0.096,245,5.4,0.001029508,0.552860733,0.003,0.003,0.947895765,0.666534603,2.09E-06,0.002095662,0.011715513
1006,10.03,8.634,67.332,0.481,0.01,0.055,0.01,0,0.56,0,0,0.028,7.62,0.003,174,0.017,0.097,311,5.5,0.001047044,0.572576697,0.003,0.003,1.05974257,0.745425105,2.34E-06,0.002084985,0.011877628
1006,14.53,8.803,67.786,0.482,0.011,0.054,0.009,0,0.563,0,0,0.028,7.64,0.003,180,0.017,0.096,320,6,0.001060842,0.632479318,0.003,0.003,1.009822488,0.710545957,2.46E-06,0.001889434,0.011745095
1006,19.53,8.99,68.291,0.482,0.011,0.055,0.01,0,0.564,0,0,0.028,7.61,0.003,208,0.017,0.097,369,5.5,0.00109188,0.596949312,0.003,0.003,1.050115943,0.73919791,2.32E-06,0.002087822,0.011908568
1006,24.03,9.159,68.745,0.485,0.012,0.054,0.009,0,0.566,0,0,0.029,7.64,0.003,222,0.017,0.096,392,6,0.001105799,0.659106441,0.003,0.003,1.017667532,0.716618478,2.49E-06,0.001884974,0.011735559
1006,29,9.345,69.247,0.489,0.011,0.054,0.01,0,0.569,0,0,0.027,7.6,0.004,455,0.017,0.095,800,5.4,0.00113989,0.611774886,0.004,0.004,1.387599945,0.977512896,3.06E-06,0.002090591,0.011709858
1006,38.5,9.701,70.207,0.499,0.01,0.051,0.009,0,0.577,0,0,0.024,7.77,0.005,674,0.016,0.088,1168,5.67,0.001183235,0.666423176,0.005,0.005,2.335994244,1.646832824,5.64E-06,0.001905259,0.011194028
1006,48,10.058,71.166,0.518,0.011,0.048,0.009,0,0.589,0,0,0.021,7.46,0,840,0.015,0.082,1426,5.33,0.001239675,0.656409458,0.006,0,-6.42E-05,-0.000045281,-2.00E-10,0.001910675,0.01059147
1006,57.5,10.414,72.125,0.525,0.011,0.045,0.009,0,0.595,0,0,0.018,7.39,0,992,0.014,0.076,1667,5,0.001298778,0.645199071,0.007,0,-4.54E-05,-3.21E-05,-1.00E-10,0.001930241,0.010026111
1006,67,10.77,73.085,0.53,0.01,0.042,0.008,0,0.6,0,0,0.015,7.31,0,1209,0.013,0.069,2015,5.25,0.001347075,0.702248079,0.008,0,-0.000026524,-1.87E-05,-1.00E-10,0.001742731,0.00949965
1006,76.5,11.126,74.044,0.53,0.01,0.039,0.008,0,0.606,0,0,0.013,7.9,0,1335,0.013,0.065,2203,4.88,0.001412361,0.68451445,0.008,0,-0.000514124,-0.000363554,-1.30E-09,0.001771757,0.008967405
1006,86,11.483,75.004,0.547,0.01,0.037,0.008,0,0.616,0,0,0.011,7.87,0,1498,0.013,0.06,2432,4.63,0.001478083,0.679700874,0.008,0,-0.000457015,-0.000323407,-1.20E-09,0.001771659,0.008513302
1006,95.5,11.839,75.963,0.542,0.01,0.035,0.007,0,0.618,0,0,0.009,7.23,0,1670,0.012,0.057,2702,5,0.001527511,0.757966347,0.008,0,-1.60E-05,-1.13E-05,0,0.001578919,0.008197873
1006,105,12.195,76.923,0.56,0.01,0.034,0.008,0,0.626,0,0,0.008,7.41,0,1756,0.012,0.054,2805,4.25,0.001615202,0.681780787,0.008,0,-5.34E-05,-3.78E-05,-1.00E-10,0.001785382,0.007890031
1006,114.5,12.551,77.883,0.55,0.01,0.033,0.009,0,0.63,0,0,0.007,7.88,0,1818,0.015,0.052,2886,3.67,0.001703992,0.621478543,0.007,0,-0.00060357,-0.000428074,-1.40E-09,0.002037174,0.007770362
1006,124,12.908,78.842,0.556,0.01,0.032,0.008,0,0.64,0,0,0.006,7.79,0.001,1958,0.012,0.05,3059,4,0.001760481,0.699268265,0.007,0.001,0.528077841,0.37480706,1.32E-06,0.001829159,0.007615609
1006,133.5,13.264,79.802,0.568,0.01,0.031,0.008,0,0.641,0,0,0.006,7.77,0.001,2108,0.012,0.048,3289,3.88,0.001837567,0.707928557,0.007,0.001,0.506482124,0.359755695,1.27E-06,0.001813344,0.007320614
1006,143,13.62,80.762,0.577,0.01,0.031,0.008,0,0.644,0,0,0.004,7.43,0.003,2361,0.012,0.048,3666,3.88,0.00191199,0.736389306,0.007,0.003,0.716484189,0.509294093,0.000001808,0.001805148,0.007285486
1006,152.5,13.976,81.722,0.577,0.01,0.03,0.008,0,0.653,0,0,0.004,7.71,0.002,2976,0.012,0.045,4557,3.75,0.001995916,0.74290791,0.006,0.002,0.913463295,0.649787426,2.28E-06,0.001824116,0.007136623
1006,161.95,14.331,82.677,0.575,0.01,0.029,0.008,0,0.661,0,0,0.003,7.59,0.004,3138,0.012,0.043,4747,3.63,0.002082753,0.750366433,0.007,0.004,1.433446765,1.020421982,3.52E-06,0.001848068,0.006990421
1006,171.33,14.683,83.625,0.58,0.01,0.028,0.008,0,0.666,0,0,0.002,7.5,0.005,3336,0.012,0.042,5009,3.5,0.002173334,0.754924605,0.007,0.005,1.48703897,1.059346199,3.64E-06,0.001854261,0.006773511
1006,180.95,15.043,84.597,0.583,0.01,0.028,0.008,0,0.668,0,0,0.002,7.47,0.005,3488,0.012,0.042,5222,3.5,0.002260746,0.785049348,0.007,0.005,1.402756453,1.00003767,3.44E-06,0.001850806,0.006767046
1006,190.45,15.4,85.557,0.595,0.01,0.027,0.009,0,0.672,0,0,0.001,7.48,0.005,3720,0.013,0.041,5536,3,0.002389342,0.711701036,0.006,0.005,1.618234515,1.154498577,3.55E-06,0.002064792,0.006477306
1006,199.95,15.756,86.517,0.593,0.009,0.027,0.009,0,0.676,0,0,0.001,7.52,0.005,3989,0.013,0.04,5901,3,0.002484507,0.739837676,0.006,0.005,1.800996184,1.285826802,3.92E-06,0.002076617,0.006525067
1006,209.45,16.112,87.477,0.605,0.009,0.026,0.009,0,0.676,0,0,0.001,7.27,0.005,3872,0.013,0.039,5728,2.89,0.002593134,0.743841385,0.006,0.005,1.026202917,0.733196735,2.25E-06,0.002057685,0.006231139
1006,218.95,16.468,88.437,0.602,0.009,0.026,0.009,0,0.686,0,0,0,7.22,0.006,4159,0.013,0.038,6063,2.89,0.002695322,0.772927225,0.006,0.006,1.126075029,0.805113077,2.44E-06,0.00208393,0.006314273
1006,228.45,16.825,89.397,0.604,0.009,0.026,0.009,0,0.693,0,0,0,7.44,0.006,4250,0.013,0.038,6133,2.89,0.002801044,0.8030015,0.006,0.006,1.877379537,1.343256831,4.04E-06,0.002090262,0.006347141
1006,237.95,17.181,90.357,0.614,0.009,0.026,0.009,0,0.696,0,0,0,7.49,0.005,4435,0.013,0.037,6372,2.89,0.002909765,0.833909636,0.005,0.005,1.754354,1.256150007,3.80E-06,0.002073396,0.006304156
1006,247.45,17.537,91.318,0.602,0.008,0.026,0.01,0,0.699,0,0,0,7.14,0.005,4505,0.014,0.037,6445,2.6,0.003059899,0.789294392,0.005,0.005,0.905097127,0.64853996,1.74E-06,0.002332093,0.00638919
1006,256.95,17.893,92.278,0.588,0.009,0.026,0.011,0,0.702,0,0,0,7.17,0.005,4680,0.015,0.036,6667,2.36,0.003213563,0.75269249,0.005,0.005,1.091249824,0.782497227,1.88E-06,0.002595505,0.006470573
1006,266.45,18.25,93.238,0.591,0.009,0.026,0.011,0,0.706,0,0,0,7.31,0.005,4565,0.016,0.036,6466,2.36,0.003338674,0.781767378,0.005,0.005,1.514556408,1.086790323,2.61E-06,0.002594237,0.006476964
1006,275.95,18.606,94.199,0.602,0.009,0.026,0.011,0,0.712,0,0,0,7.57,0.005,4825,0.016,0.036,6777,2.36,0.003467308,0.811643058,0.005,0.005,2.721914053,1.95457232,4.72E-06,0.002575683,0.006442217
1006,281.75,18.823,94.785,0.598,0.009,0.028,0.012,0,0.715,0,0,0.002,7.58,0.003,4935,0.016,0.04,6902,2.33,0.003553109,0.821077016,0.005,0.003,1.816983461,1.305288792,2.90E-06,0.00279421,0.006918852
1006,296.75,19.386,96.302,0.589,0.008,0.028,0.012,0,0.708,0,0,0,7.29,0.005,4800,0.017,0.04,6780,2.33,0.003769104,0.870555982,0.005,0.005,1.622547627,1.166976214,2.57E-06,0.002808053,0.006944502
1006,305.95,19.731,97.232,0.622,0.008,0.026,0.013,0,0.726,0,0,0,7.34,0.005,5075,0.017,0.036,6990,2,0.003981351,0.789979875,0.005,0.005,1.951316476,1.404355288,0.000002888,0.002997619,0.006374748
1006,315.25,20.08,98.172,0.636,0.009,0.027,0.013,0,0.731,0,0,0,7.51,0.005,5355,0.018,0.036,7326,2.08,0.004109845,0.847602046,0.005,0.005,2.839572191,2.04504323,4.26E-06,0.002954089,0.006534166
1006,342.65,21.107,100.943,0.619,0.008,0.027,0.015,0,0.743,0,0,0,7.27,0.005,5620,0.021,0.037,7564,1.8,0.004655369,0.831002979,0.005,0.005,2.010639906,1.450998545,2.55E-06,0.003476672,0.006688944
1006,370.15,22.138,103.724,0.627,0.008,0.028,0.014,0,0.759,0,0,0,7.23,0.006,6103,0.019,0.036,8041,2,0.00509591,1.008899538,0.006,0.006,2.127626658,1.53849268,0.000002857,0.003258309,0.006992921
1006,397.55,23.166,106.496,0.636,0.008,0.028,0.015,0,0.766,0,0,0,7.57,0.006,6150,0.019,0.037,8029,1.87,0.005699635,1.054591588,0.006,0.006,4.969961643,3.601094246,6.25E-06,0.003457399,0.006950755
1006,425.65,24.22,109.339,0.644,0.008,0.03,0.015,0,0.783,0,0,0,7.47,0.007,6353,0.019,0.038,8114,2,0.00623917,1.232454959,0.007,0.007,4.769125462,3.462611914,5.96E-06,0.003452523,0.007468208
1006,452.95,25.243,112.101,0.652,0.008,0.031,0.015,0,0.795,0,0,0,7.16,0.008,7005,0.018,0.039,8811,2.07,0.006818561,1.391797717,0.008,0.008,2.794250965,2.032728434,0.000003475,0.003445683,0.007725492
1006,480.95,26.293,114.934,0.703,0.008,0.034,0.015,0,0.803,0,0,0,7.06,0.008,6550,0.019,0.043,8157,2.27,0.007345846,1.640157371,0.008,0.008,2.172299385,1.583433986,2.82E-06,0.003269848,0.008071696
1006,512.75,27.486,118.153,0.671,0.008,0.033,0.014,0,0.815,0,0,0,7.17,0.007,6445,0.018,0.041,7908,2.36,0.00806056,1.866780595,0.007,0.007,2.463935375,1.800168037,3.26E-06,0.003187489,0.008199454
1006,537.15,28.401,120.622,0.697,0.007,0.034,0.015,0,0.82,0,0,0,7.24,0.006,6600,0.018,0.041,8049,2.27,0.008781773,1.954500274,0.006,0.006,2.64073658,1.932574749,3.32E-06,0.003321369,0.008239778
1006,569.05,29.597,123.852,0.676,0.007,0.035,0.016,0,0.827,0,0,0,7.1,0.007,6405,0.019,0.042,7745,2.19,0.009765362,2.093835306,0.007,0.007,2.520771742,1.848977089,2.90E-06,0.003600928,0.008641135
1006,597.95,30.681,126.778,0.694,0.007,0.035,0.017,0,0.843,0,0,0,7.16,0.006,6305,0.02,0.042,7479,2.06,0.010818182,2.179964076,0.006,0.006,2.680695057,1.970208168,2.90E-06,0.003793228,0.008599224
1006,626.85,31.765,129.704,0.72,0.007,0.035,0.018,0,0.859,0,0,0,7.05,0.006,6055,0.021,0.041,7049,1.94,0.011965481,2.268641276,0.006,0.006,2.241040468,1.650366068,2.30E-06,0.00395353,0.008497907
1006,666.85,33.265,133.755,0.71,0.007,0.037,0.019,0,0.865,0,0,0,7.09,0.007,5380,0.022,0.042,6220,1.95,0.013353151,2.537783997,0.007,0.007,3.149439812,2.32567215,3.02E-06,0.004175546,0.009011452
1006,691.25,34.18,136.227,0.682,0.007,0.036,0.018,0,0.839,0,0,0.002,7.36,0.004,4560,0.022,0.043,5435,2,0.014132042,2.748718456,0.006,0.004,3.217186213,2.379661083,3.21E-06,0.003970572,0.008782356
1006,710.55,34.903,138.182,0.707,0.007,0.037,0.019,0,0.866,0,0,0.001,7.36,0.005,5310,0.022,0.043,6132,1.95,0.01498542,2.839191332,0.006,0.005,4.28028059,3.170127392,4.04E-06,0.004164356,0.009007804
1007,5.95,9.588,66.153,0.475,0.01,0.054,0.011,0,0.562,0,0,0.028,7.61,0.003,129,0.019,0.095,230,4.91,0.001181519,0.576779724,0.003,0.003,1.190379381,0.838618696,2.35E-06,0.002306674,0.011755749
1007,8.95,9.691,66.456,0.472,0.01,0.054,0.011,0,0.564,0,0,0.028,7.57,0.003,130,0.019,0.095,230,4.91,0.001195863,0.583741362,0.003,0.003,1.096660852,0.772782803,2.16E-06,0.002317382,0.011813512
1007,12.4,9.809,66.804,0.474,0.01,0.053,0.011,0,0.561,0,0,0.028,7.58,0.003,128,0.019,0.094,228,4.82,0.001214222,0.581849716,0.003,0.003,1.125539064,0.793329656,2.22E-06,0.00231324,0.011574732
1007,16.9,9.962,67.259,0.479,0.01,0.053,0.011,0,0.562,0,0,0.029,7.56,0.003,145,0.019,0.095,258,4.82,0.001236122,0.592282098,0.003,0.003,1.074048758,0.757287383,2.13E-06,0.002301676,0.011526343
1007,21.9,10.133,67.763,0.481,0.01,0.054,0.011,0,0.564,0,0,0.028,7.36,0.003,190,0.019,0.095,337,4.91,0.001259113,0.614425996,0.003,0.003,0.687362015,0.484823197,1.36E-06,0.002296114,0.011723792
1007,24.9,10.236,68.066,0.485,0.01,0.053,0.011,0,0.565,0,0,0.028,7.39,0.004,240,0.019,0.094,425,4.82,0.001276182,0.611358906,0.004,0.004,0.983997762,0.694221139,1.95E-06,0.002296443,0.011502269
1007,35.9,10.612,69.177,0.496,0.012,0.054,0.011,0,0.585,0,0,0.027,7.35,0.007,469,0.019,0.092,802,4.91,0.00133083,0.649195543,0.007,0.007,1.591923118,1.124004602,3.15E-06,0.002304689,0.01176905
1007,47.4,11.006,70.338,0.544,0.012,0.056,0.011,0,0.631,0,0,0.024,8,0.015,794,0.017,0.088,1258,5.09,0.001387786,0.701428183,0.015,0.015,14.17119217,10.01410484,2.83E-05,0.00227765,0.012100249
1007,53.9,11.228,70.995,0.553,0.012,0.056,0.011,0,0.649,0,0,0.023,7.98,0.016,863,0.016,0.087,1330,5.09,0.001423253,0.719225238,0.016,0.016,14.66680717,10.36944103,2.91E-05,0.002296421,0.01221905
1007,64.9,11.604,72.106,0.576,0.012,0.057,0.01,0,0.679,0,0,0.021,8.07,0,860,0.015,0.084,1267,5.7,0.001467692,0.829643521,0.02,0,-0.001641813,-0.001161718,-3.50E-09,0.00210786,0.012671112
1007,72.85,11.876,72.909,0.585,0.012,0.057,0.01,0,0.689,0,0,0.021,8.08,0,968,0.014,0.083,1405,5.7,0.001512662,0.854846468,0.02,0,-0.001773436,-0.001255533,-3.80E-09,0.002108654,0.012697137
1007,82.4,12.203,73.873,0.607,0.012,0.057,0.01,0,0.706,0,0,0.02,8,0.002,937,0.014,0.081,1327,5.7,0.001568188,0.885947842,0.022,0.002,1.783200264,1.263331175,3.86E-06,0.002098717,0.012656194
1007,87.6,12.38,74.398,0.6,0.013,0.057,0.01,0,0.729,0,0,0.02,7.01,0.002,1078,0.013,0.078,1479,5.7,0.001598918,0.903151918,0.022,0.002,0.203564361,0.144271508,4.29E-07,0.002155219,0.013024099
1007,96.1,12.671,75.257,0.619,0.013,0.057,0.009,0,0.727,0,0,0.02,8,0,1050,0.013,0.078,1444,6.33,0.001628797,1.020506594,0.02,0,-0.001240458,-0.000879721,-0.000000003,0.001907662,0.012834291
1007,136.9,14.066,79.378,0.676,0.014,0.06,0.011,0,0.782,0,0,0.022,7.01,0.024,1071,0.015,0.077,1370,5.45,0.001928036,1.039852999,0.024,0.024,2.709637642,1.927225471,5.33E-06,0.00229999,0.013340955
1007,142.85,14.27,79.98,0.676,0.014,0.061,0.011,0,0.796,0,0,0.022,8.02,0.021,999,0.014,0.077,1255,5.55,0.001965023,1.078822475,0.021,0.021,22.13686943,15.75190353,4.36E-05,0.002294133,0.013642295
1007,153.25,14.626,81.03,0.674,0.014,0.061,0.012,0,0.796,0,0,0.023,8.05,0.024,1004,0.015,0.077,1261,5.08,0.002065217,1.038237738,0.024,0.024,29.48184395,20.9939518,5.34E-05,0.002491867,0.013602303
1007,158.3,14.798,81.541,0.689,0.014,0.063,0.012,0,0.803,0,0,0.023,8.05,0.023,898,0.015,0.078,1118,5.25,0.002093192,1.086980762,0.023,0.023,27.97972107,19.93096733,5.12E-05,0.002463585,0.013913155
1007,208.95,16.531,86.659,0.729,0.016,0.062,0.017,0,0.858,0,0,0.026,6.94,0.016,824,0.02,0.073,960,3.65,0.002638202,0.953759466,0.016,0.016,2.521461487,1.802655459,3.21E-06,0.003518254,0.01398582
1007,219.75,16.9,87.75,0.744,0.016,0.062,0.018,0,0.87,0,0,0.027,7.53,0.016,765,0.021,0.072,879,3.44,0.002763875,0.941818483,0.016,0.016,10.06361771,7.200098038,1.22E-05,0.003693631,0.01393039
1007,228.85,17.211,88.67,0.743,0.016,0.062,0.019,0,0.871,0,0,0.027,7.49,0.015,789,0.022,0.071,906,3.26,0.002875675,0.928763055,0.015,0.015,9.192144394,6.580921173,1.06E-05,0.003892364,0.013931271
1007,237.95,17.522,89.59,0.742,0.017,0.062,0.02,0,0.885,0,0,0.027,7.64,0.014,806,0.022,0.069,911,3.1,0.002990489,0.918536219,0.014,0.014,12.74043369,9.127240181,0.000013789,0.004128302,0.014087712
1007,247.15,17.837,90.52,0.748,0.016,0.062,0.021,0,0.888,0,0,0.028,7.41,0.012,747,0.023,0.07,841,2.95,0.00311072,0.909317851,0.012,0.012,6.944943428,4.978455067,7.18E-06,0.00431704,0.014060851
1007,253.45,18.052,91.157,0.752,0.016,0.061,0.022,0,0.882,0,0,0.028,7.26,0.015,755,0.024,0.069,856,2.77,0.003207277,0.880592289,0.015,0.015,6.493632793,4.656876564,0.000006455,0.004484961,0.01370943
1007,259.75,18.268,91.793,0.754,0.016,0.061,0.022,0,0.894,0,0,0.028,7.27,0.013,721,0.024,0.068,806,2.77,0.003280725,0.900576765,0.013,0.013,5.838208199,4.188734055,5.75E-06,0.004521641,0.013861509
1007,270.55,18.637,92.885,0.742,0.016,0.06,0.023,0,0.897,0,0,0.028,7.98,0.013,754,0.026,0.067,841,2.61,0.003435815,0.888777579,0.013,0.013,28.70052719,20.60708046,2.69E-05,0.004749741,0.013751424
1007,287.35,19.212,94.584,0.738,0.016,0.059,0.024,0,0.905,0,0,0.028,7.82,0.012,723,0.027,0.066,799,2.46,0.00367581,0.896145815,0.012,0.012,20.38438034,14.65300846,0.000018059,0.005006905,0.013696143
1007,341.1,21.05,100.019,0.755,0.016,0.059,0.026,0,0.901,0,0,0.029,7.95,0.014,708,0.029,0.066,786,2.27,0.004485261,1.007892385,0.014,0.014,34.28547668,24.73730469,2.87E-05,0.005257256,0.013369902
1007,351.44,21.404,101.064,0.745,0.016,0.059,0.026,0,0.897,0,0,0.029,7.01,0.011,704,0.029,0.066,785,2.27,0.004647184,1.043898656,0.011,0.011,3.562572241,2.572327375,0.000002944,0.005309881,0.013482887
1007,409.85,23.401,106.972,0.771,0.016,0.059,0.024,0,0.917,0,0,0.025,7,0.014,869,0.026,0.064,948,2.46,0.005560821,1.349501417,0.014,0.014,4.341370583,3.147100449,3.85E-06,0.00489276,0.013523936
1007,428.12,24.026,108.821,0.759,0.016,0.057,0.023,0,0.923,0,0,0.025,7.67,0.011,917,0.025,0.062,993,2.48,0.005883372,1.438093291,0.011,0.011,14.90566254,10.81825447,1.35E-05,0.00476845,0.013336829
1007,440.43,24.447,110.066,0.773,0.016,0.057,0.023,0,0.934,0,0,0.023,6.88,0.01,941,0.024,0.061,1007,2.48,0.006113973,1.493618004,0.01,0.01,2.382566214,1.730650425,2.15E-06,0.004778076,0.013366589
1007,463.33,25.23,112.383,0.769,0.017,0.055,0.023,0,0.932,0,0,0.022,7.64,0.01,935,0.025,0.059,1003,2.39,0.006611877,1.555655488,0.01,0.01,13.21131039,9.610777855,1.19E-05,0.004780369,0.012922905
1007,479.08,25.769,113.977,0.788,0.016,0.055,0.026,0,0.931,0,0,0.023,6.94,0.008,843,0.027,0.059,905,2.12,0.00711721,1.486420608,0.008,0.008,2.512579441,1.829771996,2.03E-06,0.005282797,0.012663003
1007,530.39,27.524,119.17,0.773,0.016,0.036,0.015,0,0.926,0,0,0.007,7.26,0.003,2960,0.016,0.039,3197,2.4,0.008052171,1.895882648,0.01,0.003,1.324997783,0.968194425,1.67E-06,0.003354063,0.008986432
1007,549.36,28.173,121.09,0.78,0.015,0.034,0.014,0,0.934,0,0,0.006,7.12,0.002,3401,0.015,0.037,3641,2.43,0.008467222,2.016053858,0.008,0.002,0.619780302,0.453443617,8.23E-07,0.003161168,0.008575963
1007,565.32,28.718,122.706,0.779,0.017,0.034,0.015,0,0.961,0,0,0.006,7.65,0.005,3237,0.015,0.035,3368,2.27,0.009011832,2.004676414,0.011,0.005,5.506592274,4.033041,6.69E-06,0.003441909,0.008762412
1007,592.93,29.663,125.501,0.772,0.015,0.034,0.015,0,0.925,0,0,0.005,7.69,0.009,3462,0.017,0.037,3743,2.27,0.00971923,2.15863992,0.014,0.009,10.83257008,7.947915077,0.000013451,0.003342726,0.008484835
1007,620.75,30.614,128.318,0.776,0.016,0.029,0.013,0,0.925,0,0,0.002,7.38,0.017,4030,0.014,0.031,4357,2.23,0.010518276,2.291819103,0.019,0.017,9.459794045,6.953054905,1.33E-05,0.00293914,0.007332361
1007,648.3,31.556,131.108,0.754,0.016,0.028,0.012,0,0.899,0,0,0.002,7.11,0.013,3503,0.013,0.031,3897,2.33,0.011140076,2.529968859,0.015,0.013,3.777513504,2.781347275,5.67E-06,0.002721082,0.007067525
1007,681.9,32.705,134.511,0.772,0.017,0.026,0.012,0,0.914,0,0,0.001,7.06,0.014,3442,0.013,0.029,3766,2.17,0.012390307,2.618298439,0.015,0.014,3.746612549,2.764520884,5.57E-06,0.002719073,0.006578498
1007,708.29,33.608,137.184,0.785,0.016,0.027,0.011,0,0.92,0,0,0.001,7,0.01,3725,0.012,0.029,4049,2.45,0.012666233,3.009825473,0.011,0.01,2.18247509,1.61305368,3.53E-06,0.00247656,0.00679272
1007,726.7,34.238,139.049,0.774,0.019,0.028,0.012,0,0.93,0,0,0.002,7.23,0.008,3094,0.013,0.03,3327,2.33,0.013455165,3.039755468,0.01,0.008,3.270123959,2.419809341,4.79E-06,0.002721051,0.007111732
1007,745.7,34.887,140.974,0.803,0.018,0.029,0.014,0,0.945,0,0,0.001,7.28,0.01,3802,0.015,0.03,4023,2.07,0.01466006,2.945254686,0.011,0.01,5.285063267,3.915496588,6.74E-06,0.003103033,0.007226713
1007,766.26,35.591,143.058,0.811,0.016,0.03,0.015,0,0.951,0,0,0.001,7.09,0.013,3960,0.015,0.031,4164,2,0.015558294,3.017756529,0.014,0.013,4.852664948,3.599628925,5.79E-06,0.003296162,0.007435625
1007,794.35,36.551,145.904,0.76,0.016,0.032,0.014,0,0.911,0,0,0.003,7.15,0.015,3920,0.016,0.035,4303,2.29,0.015732155,3.477384983,0.018,0.015,6.167635441,4.583162308,7.81E-06,0.003075287,0.007908941
1007,870.48,39.155,153.621,0.801,0.015,0.03,0.015,0,0.968,0,0,0.001,7.04,0.017,4330,0.015,0.031,4473,2,0.019451355,3.744596082,0.018,0.017,6.303710461,4.706025124,7.16E-06,0.003331745,0.007573647
1007,890.08,39.825,155.608,0.786,0.015,0.03,0.014,0,0.957,0,0,0.003,6.97,0.014,3830,0.015,0.032,4002,2.14,0.019653042,4.03600661,0.017,0.014,4.232681274,3.163685083,5.10E-06,0.003119543,0.007596212
1007,928.98,41.156,159.553,0.827,0.014,0.028,0.016,0,1.001,0,0,0.001,7.14,0.01,4780,0.015,0.028,4775,1.75,0.023094119,3.884480645,0.011,0.01,5.227865696,3.916733265,5.41E-06,0.003574753,0.007139727
1008,2.95,16.450855,44.333,0.495,0.011,0.056,0.012,0,0.574,0,0,0.03,7.71,0.003,110,0.02,NA,192,NA,0.002636863,0.896337138,0.003,0.003,2.023660421,1.439503908,3.40E-06,0.002417561,0.011891242
1008,5.95,16.501555,44.636,0.493,0.012,0.056,0.011,0,0.574,0,0,0.029,7.57,0.003,99,0.019,0.098,172,5.11,0.002502855,1.262808297,0.003,0.003,1.372974634,0.976783514,2.50E-06,0.002227766,0.011942701
1008,9.5,16.56155,44.994,0.503,0.011,0.057,0.011,0,0.572,0,0,0.029,7.56,0.005,109,0.02,0.099,191,5.03,0.002524515,1.253908372,0.005,0.005,2.208505154,1.571438789,4.08E-06,0.002197248,0.011987403
1008,14,16.6376,45.448,0.486,0.011,0.057,0.011,0,0.571,0,0,0.029,7.72,0.002,115,0.019,0.101,201,5.26,0.002524939,1.310710046,0.002,0.002,1.281162262,0.911740363,2.33E-06,0.002231092,0.012182609
1008,19,16.7221,45.952,0.506,0.011,0.056,0.011,0,0.573,0,0,0.03,7.66,0.003,122,0.019,0.099,213,5.16,0.002554576,1.301011851,0.003,0.003,1.658921599,1.18080616,3.07E-06,0.0021966,0.011790171
1008,23.5,16.79815,46.406,0.512,0.011,0.057,0.011,0,0.574,0,0,0.03,7.76,0.003,117,0.02,0.099,204,4.98,0.0025894,1.273104483,0.003,0.003,2.0507195,1.459964395,3.83E-06,0.002178986,0.011910236
1008,28.5,16.88265,46.91,0.496,0.011,0.057,0.011,0,0.573,0,0,0.03,7.8,0.002,0,0.019,0.1,0,5.18,0.002593999,1.325875595,0.002,0.002,1.518062234,1.081001878,2.79E-06,0.002210238,0.012087553
1008,33,16.9587,47.364,0.51,0.011,0.057,0.011,0,0.573,0,0,0.03,7.74,0.003,122,0.02,0.099,213,5.06,0.002624154,1.310421798,0.003,0.003,1.974124432,1.406030178,3.68E-06,0.002180376,0.011924574
1008,38,17.0432,47.868,0.503,0.011,0.058,0.011,0,0.574,0,0,0.03,7.74,0.003,124,0.019,0.101,216,5.39,0.002617184,1.391039209,0.003,0.003,1.986299276,1.414980292,3.69E-06,0.002190044,0.012192058
1008,43.1,17.12939,48.383,0.505,0.012,0.057,0.012,0,0.577,0,0,0.03,7.74,0.003,146,0.021,0.099,253,4.8,0.002692987,1.276137941,0.003,0.003,2.170797348,1.546663284,0.0000037,0.002388234,0.011983389
1008,47.6,17.20544,48.837,0.505,0.011,0.058,0.011,0,0.578,0,0,0.03,7.89,0.003,176,0.019,0.1,304,5.35,0.002662695,1.404533849,0.003,0.003,2.756439447,1.96437037,5.12E-06,0.002192259,0.012217484
1008,57.1,17.36599,49.795,0.504,0.011,0.058,0.011,0,0.58,0,0,0.03,7.82,0.004,255,0.02,NA,440,NA,0.002724374,1.380989955,0.004,0.004,3.185203314,2.270730257,5.91E-06,0.00219733,0.012252513
1008,66.55,17.525695,50.748,0.526,0.012,0.056,0.01,0,0.59,0,0,0.028,7.81,0.009,455,0.018,0.095,771,5.43,0.00273953,1.465760493,0.009,0.009,6.37914896,4.549456596,1.31E-05,0.001990608,0.011775045
1008,76.05,17.686245,51.707,0.526,0.012,0.057,0.01,0,0.6,0,0,0.026,7.95,0.014,606,0.017,0.096,1010,5.79,0.002748097,1.566227219,0.014,0.014,13.48579121,9.621480942,2.75E-05,0.001999829,0.012043009
1008,80.05,17.753845,52.11,0.528,0.012,0.056,0.01,0,0.615,0,0,0.023,8.08,0.016,700,0.016,0.091,1138,5.79,0.002765842,1.576181328,0.016,0.016,20.50757599,14.6333952,4.13E-05,0.002027613,0.012001979
1008,120.5,18.43745,56.192,0.559,0.013,0.054,0.01,0,0.653,0,0,0.013,6.99,0.02,1057,NA,0.083,1619,NA,0.002988829,1.597015875,0.033,0.02,2.435869455,1.741070867,4.78E-06,0.002085361,0.011840376
1009,1.4,18.26668,31.151,0.507,0.012,0.058,0.011,0,0.579,0,0,0.03,7.87,0.003,97,0.02,0.1,168,5.07,0.002980506,1.488621603,0.003,0.003,2.777118206,1.978661656,4.92E-06,0.002176476,0.012116577
1009,4.37,18.314794,31.45,0.492,0.011,0.055,0.011,0,0.58,0,0,0.03,7.93,0.003,100,0.019,0.095,172,5.09,0.002992013,1.500089144,0.003,0.003,3.246926308,2.313634396,5.62E-06,0.002230966,0.011781978
1009,7.7,18.36874,31.786,0.503,0.012,0.057,0.011,0,0.58,0,0,0.031,7.92,0.004,101,0.019,0.098,174,5.17,0.002998409,1.526513585,0.004,0.004,4.150855064,2.9581635,7.32E-06,0.00218953,0.011988179
1009,12.2,18.44164,32.239,0.512,0.011,0.058,0.011,0,0.578,0,0,0.027,8.05,0.009,99,0.018,0.1,171,5.42,0.00299112,1.595323631,0.009,0.009,12.17936993,8.68145752,2.17E-05,0.002163047,0.012032271
1009,17.2,18.52264,32.743,0.497,0.012,0.057,0.01,0,0.582,0,0,0.026,8.15,0.009,108,0.017,0.098,186,5.64,0.002989572,1.65815985,0.009,0.009,13.92798996,9.929487228,2.67E-05,0.002011499,0.012092579
1009,20.2,18.57124,33.046,0.499,0.011,0.058,0.01,0,0.579,0,0,0.027,8.07,0.008,99,0.017,0.1,171,5.88,0.002976967,1.720342824,0.008,0.008,10.45711422,7.456082821,0.000020212,0.001998854,0.012233769
1009,26.7,18.67654,33.701,0.507,0.012,0.058,0.012,0,0.58,0,0,0.028,8.1,0.005,109,0.02,0.1,188,4.99,0.0031089,1.527642206,0.005,0.005,8.216838837,5.860194683,1.34E-05,0.002366439,0.012087958
1009,34.7,18.80614,34.507,0.51,0.012,0.057,0.011,0,0.588,0,0,0.028,8.1,0.007,109,0.019,0.097,185,5.01,0.003144844,1.551127785,0.007,0.007,10.68353462,7.621992111,1.89E-05,0.002188623,0.011993734
1009,37.78,18.856036,34.818,0.514,0.011,0.057,0.011,0,0.596,0,0,0.027,8.28,0.007,118,0.018,0.096,198,5.27,0.003127625,1.621531161,0.007,0.007,15.29153252,10.91063881,2.69E-05,0.002195429,0.012046514
1009,45.2,18.97624,35.566,0.523,0.012,0.057,0.011,0,0.611,0,0,0.025,7.38,0.014,115,0.018,0.093,188,5.12,0.003181723,1.6029296,0.014,0.014,4.571805477,3.262984753,0.000007967,0.002220341,0.012137479
1009,49.7,19.04914,36.019,0.542,0.013,0.057,0.011,0,0.619,0,0,0.023,7.87,0.015,116,0.017,0.091,187,5.26,0.003185766,1.648095583,0.015,0.015,14.18933868,10.12914181,2.51E-05,0.002188981,0.011983517
1009,54.7,19.13014,36.523,0.545,0.012,0.056,0.011,0,0.63,0,0,0.022,8.02,0.018,123,0.017,0.089,195,5.19,0.003218815,1.643115572,0.018,0.018,23.54409981,16.80981636,4.13E-05,0.002205601,0.011881583
1009,59.2,19.20304,36.977,0.533,0.012,0.055,0.011,0,0.635,0,0,0.021,7.98,0.001,143,0.018,0.087,225,4.86,0.003284585,1.57122692,0.022,0.001,1.243429542,0.887974381,2.12E-06,0.002269426,0.012015472
1009,64.15,19.28323,37.476,0.542,0.013,0.054,0.01,0,0.637,0,0,0.018,8.02,0.006,166,0.016,0.085,261,5.34,0.003245302,1.703470456,0.024,0.006,7.403504849,5.28794241,1.39E-05,0.002059752,0.011756498
1009,68.7,19.35694,37.935,0.551,0.013,0.054,0.01,0,0.664,0,0,0.015,8.13,0.012,163,0.015,0.081,245,5.32,0.003270038,1.709913455,0.027,0.012,18.74450874,13.39080906,0.000034789,0.002087569,0.011928627
1009,78.19,19.510678,38.892,0.563,0.013,0.054,0.01,0,0.679,0,0,0.014,8.15,0.017,227,0.015,0.08,334,5.3,0.003319248,1.728788428,0.031,0.017,27.59270859,19.71879959,5.13E-05,0.002084478,0.01192994
1009,95.15,19.78543,40.602,0.588,0.014,0.057,0.01,0,0.704,0,0,0.017,8.21,0.014,470,0.015,0.082,668,5.54,0.003370115,1.832824283,0.031,0.014,25.11022949,17.9569912,4.73E-05,0.002058185,0.012502942
1009,103.2,19.91584,41.414,0.593,0.015,0.058,0.012,0,0.717,0,0,0.018,8.18,0.013,745,0.016,0.08,1039,4.91,0.003502038,1.690433433,0.031,0.013,26.18533897,18.73213959,0.000041244,0.002464433,0.012720133
1009,108.2,19.99684,41.918,0.599,0.015,0.057,0.012,0,0.726,0,0,0.018,7.24,0.015,856,0.017,0.079,1179,4.64,0.003570655,1.629782061,0.033,0.015,4.073140621,2.914263248,6.32E-06,0.002501007,0.012648549
1009,119.7,20.18314,43.077,0.623,0.014,0.06,0.013,0,0.726,0,0,0.019,6.83,0.013,908,0.018,0.083,1251,4.55,0.003647576,1.632552443,0.032,0.013,1.462557316,1.046901345,2.16E-06,0.002624733,0.012923857
1009,124.9,20.26738,43.602,0.602,0.015,0.059,0.011,0,0.729,0,0,0.019,7.45,0.013,911,0.015,0.081,1250,5.3,0.003554955,1.849283245,0.032,0.013,5.184281826,3.711658239,8.83E-06,0.002281176,0.013058918
1009,138.8,20.49256,45.004,0.603,0.013,0.061,0.01,0,0.73,0,0,0.018,7.87,0.015,948,0.014,0.083,1299,5.88,0.003538403,2.038174873,0.033,0.015,13.57953262,9.72781086,2.56E-05,0.002062751,0.013461731
1009,145.4,20.59948,45.669,0.605,0.014,0.06,0.011,0,0.725,0,0,0.018,7,0.015,855,0.015,0.083,1179,5.69,0.003600325,2.00746018,0.033,0.015,2.177231789,1.56001246,3.74E-06,0.002266284,0.013188951
1009,162.85,20.88217,47.43,0.597,0.014,0.056,0.01,0,0.717,0,0,0.016,7.12,0.016,861,0.013,0.079,1201,5.84,0.003666248,2.096207264,0.032,0.016,2.846821547,2.041184187,5.30E-06,0.002091287,0.012472853
1009,176.65,21.10573,48.822,0.594,0.014,0.054,0.01,0,0.708,0,0,0.014,7.12,0.021,1073,0.014,0.076,1516,5.3,0.003828599,1.988801514,0.035,0.021,3.780428886,2.712051392,7.03E-06,0.002094339,0.012015761
1009,187.45,21.28069,49.911,0.588,0.014,0.052,0.011,0,0.705,0,0,0.014,7.84,0.02,1307,0.015,0.074,1854,4.88,0.003965342,1.898352205,0.034,0.02,19.5684948,14.04393196,3.32E-05,0.002297582,0.011575888
1009,192.25,21.35845,50.395,0.586,0.014,0.051,0.01,0,0.703,0,0,0.013,7.56,0.021,1302,0.015,0.072,1852,4.89,0.003990662,1.914081593,0.034,0.021,10.31898403,7.407175064,1.90E-05,0.002111724,0.011448803
1009,202.85,21.53017,51.465,0.588,0.014,0.05,0.011,0,0.699,0,0,0.013,7.79,0.022,1354,0.015,0.071,1937,4.73,0.004083429,1.89486339,0.035,0.022,19.5560894,14.04336166,0.000033169,0.002299324,0.01113551
1009,211.95,21.67759,52.383,0.579,0.013,0.049,0.01,0,0.697,0,0,0.012,7.96,0.023,1417,0.015,0.07,2033,4.65,0.004153435,1.894752835,0.035,0.023,27.05259132,19.43408585,5.00E-05,0.002109815,0.011023726
1009,222.55,21.84931,53.452,0.583,0.013,0.048,0.01,0,0.696,0,0,0.012,7.37,0.024,1433,0.015,0.068,2059,4.56,0.004236111,1.895060361,0.036,0.024,7.914143086,5.687643051,1.45E-05,0.002126686,0.010848114
Clino,0,16.502,0,0,0.0102,0.05592,0.01102,0,0.58,0,0,0.02931,0,0,90.8,0.019,0.096,156.5517241,5.07,0.002506194,1.2546976,0,0,,,,,
Clino,213.36,26.401904,0,0,0.0102,0.05664,0.01311,0,0.59,0,0,0.02773,0,0,194.9,0.022,0.096,330.3389831,4.32,0.006246385,2.627535824,0,0,,,,,
Clino,320.04,31.351856,0,0,0.0102,0.05577,0.01414,0,0.6,0,0,0.03539,0,0,259.1,0.024,0.093,431.8333333,3.94,0.009161872,3.484012627,0,0,,,,,
Clino,384.05,34.32192,0,0,0.0102,0.05652,0.01243,0,0.59,0,0,0.0292,0,0,222.3,0.021,0.096,376.779661,4.55,0.010376407,4.508411168,0,0,,,,,
Clino,457.2,37.71608,0,0,0.0102,0.05535,0.01104,0,0.58,0,0,0.02919,0,0,104.5,0.019,0.095,180.1724138,5.01,0.011908653,5.630317209,0,0,,,,,
Clino,627.89,45.636096,0,0,0.0102,0.05481,0.0139,0,0.6,0,0,0.03046,0,0,256.1,0.023,0.091,426.8333333,3.94,0.019279424,7.059822228,0,0,,,,,
Unda,0,16.502,0,0,0.0102,0.06381,0.01188,0,0.65,0,0,0.0356,0,0,91.5,0.018276923,0.098169231,140.7692308,5.37,0.002482313,1.315466738,0,0,,,,,
Unda,48.46,18.750544,0,0,0.0102,0.05725,0.01106,0,0.58,0,0,0.03639,0,0,93.6,0.019068966,0.098706897,161.3793103,5.18,0.003107635,1.584252128,0,0,,,,,
Unda,76.2,20.03768,0,0,0.0102,0.05685,0.0113,0,0.5,0,0,0.0286,0,0,88.8,0.0226,0.1137,177.6,5.03,0.00352286,1.74114562,0,0,,,,,
Unda,91.44,20.744816,0,0,0.0102,0.05755,0.01147,0,0.62,0,0,0.03438,0,0,86.7,0.0185,0.092822581,139.8387097,5.02,0.003756452,1.850836948,0,0,,,,,
Unda,137.16,22.866224,0,0,0.0102,0.0593,0.01238,0,0.62,0,0,0.02991,0,0,89.9,0.019967742,0.095645161,145,4.79,0.004566966,2.140746248,0,0,,,,,
Unda,152.4,23.57336,0,0,0.0102,0.05681,0.01294,0,0.59,0,0,0.0286,0,0,103.8,0.021932203,0.096288136,175.9322034,4.39,0.004957662,2.13005474,0,0,,,,,
Unda,213.66,26.415824,0,0,0.0102,0.05775,0.0128,0,0.61,0,0,0.03481,0,0,96.1,0.020983607,0.094672131,157.5409836,4.51,0.006170294,2.707459268,0,0,,,,,
Unda,341.38,32.342032,0,0,0.0102,0.05599,0.01584,0,0.61,0,0,0.03018,0,0,179.2,0.025967213,0.091786885,293.7704918,3.53,0.010188197,3.471580544,0,0,,,,,
Unda,442.26,37.022864,0,0,0.0102,0.05547,0.01965,0,0.64,0,0,0.03543,0,0,262,0.030703125,0.086671875,409.375,2.82,0.014878379,4.026752378,0,0,,,,,